,cutoff_day,enc_sku,mon,tue,wed,thu,fri,sat,sun
0,2022-08-01,1,1.3868558927359451,1.2576958355528318,1.2493295646994957,1.369450354256991,1.800169041082136,2.399987292098852,1.3596065693854096
1,2022-08-01,2,3.1330022626874916,2.7970596760824322,3.0231542510524023,2.9214475995347557,3.5285835133039503,4.081426564589746,3.110330846875541
2,2022-08-01,3,1.392420035300758,1.1414154869053257,1.2102124052379815,1.369450354256991,1.87523727283136,2.250970051496912,1.246144986101444
3,2022-08-01,4,0.5743417928911971,0.3802841344157856,0.523554968964828,0.5867018683609817,0.9610744325741244,1.3454613809251503,0.4598028647789342
4,2022-08-01,5,2.2733863488686317,1.9691136707012524,2.037943856543763,2.147604143747213,2.3876489952182776,3.3554340922429127,2.0583434087971106
5,2022-08-01,6,8.034614538645455,7.970479564058557,8.755925586394529,9.084251818654957,11.939160052132799,13.22112841805831,11.104501403915433
6,2022-08-01,7,1.0396290783007418,0.889804665216438,0.9469996495112376,1.0336367664475747,1.447438913123509,1.9036290727211127,1.0362455138132327
7,2022-08-01,8,3.6052333761187407,3.8244237590788748,3.7409593963330674,4.191548114008437,4.90455884549451,5.376341133791935,4.421232001139222
8,2022-08-01,9,0.9750800900259964,0.8385330162130797,0.917522171092103,0.9011159200495853,1.3754660358462756,1.996879369829784,0.9407488392581963
9,2022-08-01,10,2.4008712303675783,2.5064059608269176,2.5310551664817256,2.510498960431945,2.8686645640276534,3.865597244635565,2.9733291870095067
10,2022-08-01,11,0.5743417928911971,0.3802841344157856,0.523554968964828,0.5867018683609817,0.9610744325741244,1.3454613809251503,0.48697258572606683
11,2022-08-01,12,0.9308333456273472,0.7045617714678787,0.7637455117636609,0.8203216333937617,1.2163411613219777,1.6789509072882374,0.9135791183110636
12,2022-08-01,13,1.9312535667178694,1.774120151200079,1.981118554713062,2.0013943456641763,2.2198398500253966,2.973311503572897,1.8805881386768737
13,2022-08-01,14,3.3236871404319426,3.4666926987282434,3.349989184192635,3.579187411495405,4.252357232703756,4.705482023486514,4.0875087854252445
14,2022-08-01,15,0.8478848643256327,0.6244496261634052,0.6980621690799242,0.7857705673155515,1.1321097447712443,1.6789509072882374,0.6660428571893945
15,2022-08-01,16,2.230495792096777,2.2859987716771486,2.32491961186916,2.3762999097010336,2.8247904686656438,3.5837756094235544,2.329708383285571
16,2022-08-01,17,0.918167488298133,0.7354260322327983,0.8570915626528259,0.9466808338413629,1.2163411613219777,1.7998560171700393,0.9337441923751816
17,2022-08-01,18,4.579313936424475,5.002065450647659,4.824131397099998,5.290950958648209,6.000761801041901,6.98630877593965,6.530613263139247
18,2022-08-01,19,2.289562249543125,2.1955111610025764,2.2398332859802887,2.237705106380774,2.557255346692537,3.302192065099547,2.2494682999332265
19,2022-08-01,20,5.921600203975715,5.621510713863092,5.58599802723621,5.377470645060501,6.310568035332203,7.415640479698011,5.725522006450756
20,2022-08-01,21,1.4139090028109482,1.3380066289634167,1.4295054721390523,1.4842483704408296,1.839491379295346,2.393408165167761,1.2823044310576586
21,2022-08-01,22,2.281046240403839,2.0428511484303074,2.233567581513951,2.2638208341323067,2.7046217042051373,3.3133109146723356,2.363622928148858
22,2022-08-01,23,1.4139090028109482,1.3237648206635688,1.3597733517477189,1.5557633045670016,1.8076478111170664,2.399987292098852,1.4235757190590315
23,2022-08-01,24,1.3499032925894663,1.197741572531213,1.169306304175803,1.3779952873807688,1.87523727283136,2.3195904715180635,1.2886350227926813
24,2022-08-01,25,2.4386874256888706,2.526093203205095,2.4776316523325974,2.4352357582059643,3.0517781248577385,3.5995841452204718,2.432977253380611
25,2022-08-01,26,2.3716617962174076,2.399813933070951,2.4391821556062787,2.453275718288813,3.1317694713041555,3.42527860724294,2.6178284391105215
26,2022-08-01,27,0.8478848643256327,0.6244496261634052,0.6980621690799242,0.7857705673155515,1.1321097447712443,1.5959853241007296,0.6660428571893945
27,2022-08-01,28,1.0981823719305936,0.9325940407807805,0.9142424452675882,1.2556895215687223,1.3896572879554685,1.9705733929051843,1.0317707265627785
28,2022-08-01,29,1.3868558927359451,1.2323698859856858,1.3241594239672623,1.410313618306858,1.87523727283136,2.559807912272948,1.4894440947864807
29,2022-08-01,30,1.3335659421782518,1.2503393293898588,1.2711012464413802,1.376277091323407,1.705774980751572,2.399987292098852,1.332436848438277
30,2022-08-01,31,0.9835618661244268,0.8910434353209502,0.8570915626528259,1.0433907247867578,1.2163411613219777,1.7998560171700393,0.9292694051247274
31,2022-08-01,32,0.918167488298133,0.6601487070676983,0.7726158198518641,0.8235580297911453,1.2163411613219777,1.6789509072882374,0.840201445083553
32,2022-08-01,33,1.0977293118748652,1.0388996062896683,0.9748636970745194,1.1231813501973185,1.5121149068973423,1.96651995738705,1.07873555050447
33,2022-08-01,34,4.050331579337825,3.9811171250107966,4.012118448931867,4.504048184087083,4.888457392562509,5.313802659432761,3.8805890455453245
34,2022-08-01,35,5.86901415911443,6.156803856159232,5.858997719512914,6.289729191164043,6.648265835896855,7.7239907668473355,6.742163990424653
35,2022-08-01,36,1.140246054586157,0.9699168105209115,0.935746537613005,1.1231813501973185,1.5121149068973423,1.96651995738705,0.9942183612999875
36,2022-08-01,37,0.5743417928911971,0.8894756200962735,0.3411653333737887,0.4386576001847913,0.7934526739660408,1.3454613809251503,0.4598028647789342
37,2022-08-01,38,1.4894842946779803,1.2849676428443315,1.3584808484253732,1.4489864610116343,1.9020966918675313,2.559807912272948,1.3669851224629952
38,2022-08-01,39,1.8807410506318596,1.5932173987435196,1.821732291902696,1.9401400237840138,2.3488901724652735,3.005251530354729,1.8344548083152814
39,2022-08-01,40,5.896647804059411,5.712975781382042,6.166354125097008,5.861012182221901,7.023165631578299,9.159604626208582,7.12852193250263
40,2022-08-01,41,1.429372635447237,1.0355806116022879,1.0827354331649524,1.257922256720843,1.553933139857238,2.3287145127259947,1.1595951147267287
41,2022-08-01,42,1.043632712311139,0.7735445672366352,0.8382991625356007,0.8203216333937617,1.2163411613219777,1.6789509072882374,0.9407488392581963
42,2022-08-01,43,2.858861057846527,2.8574384225143015,2.939387556644929,2.9463230704138414,3.3669898071357074,4.475736015877312,3.581547851297241
43,2022-08-01,44,2.001954530659707,1.8062247083382585,1.854444175888514,1.926985191428919,2.3494546041273825,2.9941151825762202,1.9709299528634903
44,2022-08-01,45,1.6590628981816056,1.3899628620717828,1.42747034378278,1.552689906333161,1.9813992628223456,2.5231376855193726,1.559933122110183
45,2022-08-01,46,1.3359754164724544,1.0596938072238336,1.23513014200322,1.3306316264090703,1.6200600766867188,2.169563406157771,1.1494116251859494
46,2022-08-01,47,3.7845671753492183,3.226152563170771,3.4318994240081557,3.4897047260492013,4.0107273954909335,4.524801108320121,3.756058196233531
47,2022-08-01,48,3.0165980638980487,2.938106288382659,2.9760537294080325,3.132200409670311,3.9478110864219684,4.469039556431767,3.874829656231619
48,2022-08-01,49,6.186927747972373,5.54183108291293,5.367748447542172,5.089477283932259,6.476597017192105,7.134924182750548,5.903435369249877
49,2022-08-01,50,41.096594121320436,43.404826707417676,43.816210484727236,47.122536405099915,49.36568053179429,74.17840897022033,51.44050351140271
50,2022-08-01,51,0.8478848643256327,0.6244496261634052,0.6980621690799242,0.7857705673155515,1.1321097447712443,1.6789509072882374,0.6660428571893945
51,2022-08-01,52,1.5449791075830859,1.4306750890191702,1.5807133057036673,1.4842483704408296,1.800169041082136,2.7803579255140813,1.7753657375429397
52,2022-08-01,53,1.5649453935559465,2.2044434231240153,1.4652861033985418,1.6413360735157851,1.9217381182376052,2.451098628757188,1.3946083408029286
53,2022-08-01,54,2.6224996347193374,2.575260168601157,2.6005778824577637,2.703386650867966,3.214544315755588,4.165180438898467,3.0467409341720733
54,2022-08-01,55,1.392420035300758,1.2744525250114045,1.2667908992283883,1.3610356579413003,1.8076478111170664,2.399987292098852,1.3933979717488143
55,2022-08-01,56,1.3890607550833574,1.3441566215465828,1.354292688121108,1.4754910064884803,1.87523727283136,2.399987292098852,1.553526134758732
56,2022-08-01,57,0.918167488298133,0.8535579576536911,0.9091803543907827,0.8443497409834448,1.3030528867278373,1.9036290727211127,0.920840688072477
57,2022-08-01,58,1.0323349340485715,1.057470041144025,1.012682992194974,1.1222238209781632,1.408116574910299,1.9036290727211127,0.9942183612999875
58,2022-08-01,59,3.241330388468286,2.863339274715335,2.8947411946823047,2.9800962943233835,3.53406428008713,4.064750146641289,3.589328187284141
59,2022-08-01,60,1.6267462414300162,1.4467364140616845,1.4476779961746409,1.5650474409588875,1.9521739819509725,2.5314954493379767,1.4354491225206971
60,2022-08-01,61,2.018128397253372,1.9846919977428494,2.00630492938746,1.9629313487920736,2.341447268710434,2.706207576643866,2.0160722898046726
61,2022-08-01,62,1.3236663772570638,1.1405888413822993,1.2855660763893277,1.3524156135550567,1.637522542300543,2.17325902971025,1.275089380180927
62,2022-08-01,63,0.918167488298133,0.6715429923904244,0.7726158198518641,0.7857705673155515,1.2163411613219777,1.6789509072882374,0.8916096201696468
63,2022-08-01,64,0.9835618661244268,0.8573220103432442,0.9621617735644389,0.9258891226490635,1.3030528867278373,1.7827239628393108,0.8982588025669589
64,2022-08-01,65,0.8478848643256327,0.7045617714678787,0.7246283523021465,0.7857705673155515,1.1321097447712443,1.6789509072882374,0.6660428571893945
65,2022-08-01,66,1.8230865808414767,1.854615061159456,1.852341628634164,1.8553899983943576,2.307322288199482,2.774656457537765,1.7673182769831453
66,2022-08-01,67,1.014780830573151,1.0757516858239495,1.1010428048064889,1.2030181076339868,1.567241449434597,2.0617369150885634,1.0515658295573374
67,2022-08-01,68,0.9981983360662299,0.7286749670894244,0.7246283523021465,0.8203216333937617,1.1321097447712443,1.5959853241007296,0.7665902513640376
68,2022-08-01,69,1.8372643118020078,2.3951100181240834,2.4917222965248342,3.2917274136180485,3.36286123540851,11.593479982855904,1.5892604509060837
69,2022-08-01,70,0.5743417928911971,0.28706916064297366,0.3411653333737887,0.4386576001847913,0.7934526739660408,1.3454613809251503,0.5049567179596354
70,2022-08-01,71,1.0889565604744877,0.879537792991943,0.9795477872644786,0.9590232841879988,1.2925558413426097,1.8631207834200993,0.8935443239284153
71,2022-08-01,72,1.3459710940897942,1.0757516858239495,1.1341181752352052,1.167556411780367,1.6448055759305067,2.0617369150885634,1.0920641569285996
72,2022-08-01,73,1.1838202170713175,1.694570270562685,1.169312827500709,1.8395198042930914,1.6078923381432342,4.013418896164589,1.18431867186713
73,2022-08-01,74,36.86831558745081,38.10268839130261,46.830238008139766,40.88513469234387,48.52018732055994,33.24259723129557,54.58040684078719
74,2022-08-01,75,1.1762591256781394,0.9342177296166183,0.9877652554297355,1.0401543283893742,1.5250030396194192,1.9036290727211127,0.9915167627539563
75,2022-08-01,76,0.5743417928911971,0.3802841344157856,0.523554968964828,0.5867018683609817,0.9610744325741244,1.3454613809251503,0.48697258572606683
76,2022-08-01,77,1.4758616124319377,1.3074405531857276,1.344370611863816,1.4213874930038006,1.8112242557942624,2.478741578086287,1.4585716208998272
77,2022-08-01,78,1.014780830573151,0.8198368734723853,0.8306763267013924,1.1987332808443085,1.3607271877176497,1.7998560171700393,0.9443010728373872
78,2022-08-01,79,2.2616267672238908,2.067724850651799,2.097065498339716,2.1242371870155337,2.5818903048602126,3.215086711853547,2.154133315130819
79,2022-08-01,80,3.5792884711531254,4.126746777136483,2.907200515539951,2.7545251815857137,3.232508663380011,6.05632795036992,3.1105227956702324
80,2022-08-01,81,0.8478848643256327,0.6244496261634052,0.6980621690799242,0.7857705673155515,1.1321097447712443,1.5959853241007296,0.6660428571893945
81,2022-08-01,82,1.5524111453426976,1.2967707682769307,1.3981210378314466,1.6173217050153164,2.0202300924616856,2.7309255521813327,1.5223382729297896
82,2022-08-01,83,0.8478848643256327,0.6244496261634052,0.6980621690799242,0.7857705673155515,1.1321097447712443,1.5959853241007296,0.6660428571893945
83,2022-08-01,84,1.8161871451042308,1.7856500874938526,1.9198348014230049,1.8377714245951697,2.1092590633473667,2.7088701151425725,1.8353294214736522
84,2022-08-01,85,3.011346280000796,2.937339777987613,3.1788514602382576,3.2220778097857954,3.7580287385615656,4.7824548789022066,3.7734484646244115
85,2022-08-01,86,4.649361542116285,4.578919563868059,4.48954846019179,4.739277248111076,5.492308872276195,6.124225698298816,4.6043740986605535
86,2022-08-01,87,1.014780830573151,0.9897260154797805,0.9143933925383767,1.1254602173755468,1.3214048495044397,1.8802528377508279,1.0311755706889865
87,2022-08-01,88,1.4139090028109482,1.255656436084205,1.383541006569199,1.5166969381750057,1.827028460118307,2.399987292098852,1.436922206895907
88,2022-08-01,89,1.1623312495611275,0.9342177296166183,0.9621617735644389,0.9701415664575445,1.4856807014062092,1.9036290727211127,1.018686483701089
89,2022-08-01,90,1.3675717875731672,1.4028981306226012,1.3897427584230893,1.397483858393402,1.839491379295346,2.4794110916921595,1.547840328378687
90,2022-08-01,91,1.0765816784472206,0.8669302396994045,0.9066518695163645,1.1209486150451977,1.5198520622419474,1.95796385953749,1.0362455138132327
91,2022-08-01,92,1.3250550448618754,1.0217709602397318,1.1104485334574459,1.260525833007387,1.6200600766867188,2.1547432690370463,1.1894955352424044
92,2022-08-01,93,1.0517334307196298,1.0466247150419925,1.031545273024702,1.1209486150451977,1.4805297240287374,2.117784479711586,1.0413927155678124
93,2022-08-01,94,2.038657410655899,2.014399947740408,2.0925087581308452,2.059787618054125,2.440868896991231,3.0716839220444716,2.0479830402408434
94,2022-08-01,95,1.8020852396343399,1.6829882375970293,1.7295964719007786,1.7260473563565957,2.038477855065326,2.7299339375405802,1.8397304970718795
95,2022-08-01,96,1.1198145068498357,0.9561071591583554,0.9748636970745194,1.0401543283893742,1.4856807014062092,1.9036290727211127,0.9915167627539563
96,2022-08-01,97,27.3777013864222,13.161215243155294,0.0878362717651116,2.1101610630145506,2.6895596322986366,2.2256109707807936,5.814811020937538
97,2022-08-01,98,1.4139090028109482,1.4623138930007409,1.4398475513142908,1.5373864111445803,1.9655353179987307,2.559807912272948,1.4153754577610287
98,2022-08-01,99,47.56838905745476,12.43648633796425,11.79069469423766,12.916871378819721,11.767947881379222,19.26731462711306,14.120081299648295
99,2022-08-01,100,0.9493864527468572,0.854105584312145,0.8889391426617091,0.9355905003793341,1.447438913123509,1.9036290727211127,0.9517283246087502
100,2022-08-01,101,13.546422752757017,4.152950567907717,4.6040645061535646,3.32153522083705,3.9480013712949154,4.732657345411826,4.832178472226745
101,2022-08-01,102,2.304641293497513,2.152166286248993,2.2151620818487077,2.059470288355268,2.508155933694707,2.919952280745552,2.206217275472579
102,2022-08-01,103,3.749333701033251,3.7979835123351604,3.9962770554839504,4.105286045270384,4.848714286024121,5.505883215034035,5.109087623944806
103,2022-08-01,104,8.17991920250398,7.678245933422171,8.177367902244436,9.001789359055014,8.564316174812005,8.412161013534343,7.354365401665221
104,2022-08-01,105,1.7735219275775276,1.7942761483325564,1.802886056628857,1.8056432086705336,2.1764744183385707,2.622867188618174,1.9058261572447106
105,2022-08-01,106,1.5449791075830859,1.3592545347548741,1.366353586436524,1.5269753971265367,2.0161869989880703,2.6336256059226453,1.4995885732158545
106,2022-08-01,107,1.923693991254086,1.8585614671526547,2.0516031886811428,1.9584676073479805,2.2696679650381966,2.982642066042463,1.903793421531354
107,2022-08-01,108,3.909754720018362,3.768856180698635,3.880384549389921,3.613831045037088,3.8480867849126237,4.606469871779891,3.672951655955591
108,2022-08-01,109,2.1626330180955637,2.075254128177537,2.1911915461846254,2.1155553104229368,2.6041302988218717,3.4023527706743444,2.1773391599434877
109,2022-08-01,110,3.321105548064698,3.2965198676370937,3.6398795361721366,3.6130102418127645,4.308419817404886,4.919359141881311,3.851800797326154
110,2022-08-01,111,2.1209150032640838,1.9758366471536957,2.037943856543763,2.1435888145593482,2.4590949567664255,3.1753775556223616,1.993949612891741
111,2022-08-01,112,2.050621188620818,2.1747673663141276,2.13798212908679,2.392538486911082,2.812837053253101,3.3677979685264816,2.6830285883108345
112,2022-08-01,113,1.4276834468039106,1.2196310020729502,1.2391490468017428,1.3927644954751464,1.7807883920808953,2.2566995868521262,1.3150478720785004
113,2022-08-01,114,0.9308333456273472,0.7045617714678787,0.7246283523021465,0.8203216333937617,1.1321097447712443,1.5959853241007296,0.7845743835976062
114,2022-08-01,115,1.181130853232308,1.057470041144025,1.0584298156407155,1.2201347942452494,1.4763690133613283,3.018652880770176,1.0515658295573374
115,2022-08-01,116,0.9096857121997026,0.6485628217849508,0.6980621690799242,0.7857705673155515,1.1321097447712443,1.6789509072882374,0.6932125781365271
116,2022-08-01,117,1.349638134492234,1.0937211292281226,1.2020789403225867,1.284786949540751,1.635919101430664,2.142133735669352,1.1894955352424044
117,2022-08-01,118,1.043632712311139,0.9113433040995846,0.8963596693851288,1.0401543283893742,1.3607271877176497,1.7998560171700393,0.9905004457108468
118,2022-08-01,119,1.3890607550833574,1.2503393293898588,1.3089205415618348,1.371428570753194,1.7429718173432338,2.2418794497314014,1.3662282508016816
119,2022-08-01,120,0.918167488298133,0.6244496261634052,0.7726158198518641,0.7857705673155515,1.2163411613219777,1.6789509072882374,0.8155681304526724
120,2022-08-01,121,2.4518427019701714,2.3825613950274493,2.3411295691583622,2.5517666663243186,3.035214450855874,3.6666180246665463,2.815084194456116
121,2022-08-01,122,2.001954530659707,1.853511493094623,1.915349445600413,1.926985191428919,2.2541023864265286,2.866028196817962,1.8826283824068384
122,2022-08-01,123,0.9362309307979089,0.8642499378725654,0.8963596693851288,1.1222238209781632,1.3214048495044397,1.7998560171700393,0.9517283246087502
123,2022-08-01,124,1.1708279380115025,0.9586905278528768,1.0005760218500328,1.1554996811234077,1.3596618315222306,2.117784479711586,0.9480104090196096
124,2022-08-01,125,1.926940475877299,1.7152970034436055,1.8333177001962853,1.880878277845816,2.035524692181861,2.7979119711445812,1.9604313858560234
125,2022-08-01,126,2.6615694914849555,3.1547182883459355,2.9281231187632586,3.1055225434386475,3.5753262472787606,4.081426564589746,3.5378286318610854
126,2022-08-01,127,0.8478848643256327,0.7072420732947176,0.6980621690799242,0.8235580297911453,1.1321097447712443,1.5959853241007296,0.7570491981647708
127,2022-08-01,128,1.0056470610993973,0.810228644116225,0.935746537613005,0.8935707917229743,1.4199393514369565,1.7827239628393108,0.9468314222501185
128,2022-08-01,129,1.9290173952079313,1.7408880675668772,1.784672681128422,1.8341847886322422,2.1879206291771474,2.866028196817962,1.9058261572447106
129,2022-08-01,130,0.8478848643256327,0.6244496261634052,0.6980621690799242,0.7857705673155515,1.1321097447712443,1.5959853241007296,0.6660428571893945
130,2022-08-01,131,2.065008919028596,2.002778321445421,1.9059661978219267,2.1346924890077457,2.3883222208397688,3.09995400458089,2.13467082680609
131,2022-08-01,132,0.6821557271128009,0.5638441771423488,0.6980621690799242,0.7857705673155515,1.0688747665743203,1.4263305691978383,0.5071580344563918
132,2022-08-01,133,4.801506177985749,4.94885415515423,5.319469555381919,5.279446301557292,6.044250426794012,6.98630877593965,6.930637997096326
133,2022-08-01,134,2.2355701535473393,2.1194249081817587,2.1446079564869978,2.3078892955811074,2.7089999022540048,3.359970663614467,2.589259044957569
134,2022-08-01,135,1.8540033404255232,1.7195270345482105,1.7636402962394984,1.7391281732484796,2.035524692181861,2.628473294561784,1.9062506843331164
135,2022-08-01,136,1.7543933796633993,1.579580906705112,1.6603607910862834,1.6394193609494487,2.038477855065326,2.7088701151425725,1.9583986501426671
136,2022-08-01,137,0.6734069656054504,1.214734343822094,1.1586436990144737,1.3635601332329377,1.6465491612386192,3.129292990966076,1.3488011903999326
137,2022-08-01,138,4.151760614295653,4.232447669895977,3.884830270449111,4.162253454924908,4.638405963901441,5.125184281320985,4.254900797617769
138,2022-08-01,139,1.5449791075830859,1.4445785836483416,1.529497091351288,1.6299034752629051,2.1177212232287337,2.614835837363669,1.6003981315354197
139,2022-08-01,140,2.263639517266498,2.1229038168939223,2.083282474258583,2.134794700274035,2.3314818146564367,3.207376518387817,3.8069135737742816
140,2022-08-01,141,3.324622670646078,2.766824679482328,3.1935152778849742,3.391862470048609,3.5172134630994094,4.157116835604877,3.540314386484481
141,2022-08-01,142,1.5449791075830859,1.39641075707657,1.4518528585800454,1.5517595818843364,1.9879005556653444,2.7898806198900763,1.6659558730705049
142,2022-08-01,143,1.9188957551918504,1.76853535903936,1.8125735949918982,1.7141384305797507,2.110704299116431,2.7249973452028424,1.9373969537900706
143,2022-08-01,144,30.267016124107684,35.33750844709302,34.682886330561004,36.69037353533953,35.85379932595726,44.97095629501782,34.862089579592855
144,2022-08-01,145,2.001954530659707,1.9224788965779398,1.9681430896670276,1.9417264507498557,2.4183676670988747,2.9998166505525368,2.2170337685737658
145,2022-08-01,146,1.3890607550833574,1.2869932765988332,1.296161404585206,1.4850580651249308,2.015612608082172,2.373387606970526,1.387114362449049
146,2022-08-01,147,0.7246552646317941,0.5063989048835422,0.5892383116485646,0.6212529344391919,0.9610744325741244,1.3454613809251503,0.5603502589535774
147,2022-08-01,148,1.8296241327003486,1.5445814505053044,1.579448631084364,1.743277185252051,2.068236701343479,2.637990368042359,1.5374729456119514
148,2022-08-01,149,1.8406352157862285,1.6536750078063192,1.7762045501496482,1.8270226223398658,2.13883991738511,2.9088243723927656,1.7711899707784948
149,2022-08-01,150,1.014780830573151,0.9656128198582346,0.9143933925383767,1.1254602173755468,1.3214048495044397,1.7998560171700393,0.920840688072477
150,2022-08-01,151,0.918167488298133,0.8166089449870924,0.8836577458750482,0.8443497409834448,1.2163411613219777,1.6789509072882374,0.9762342290664189
151,2022-08-01,152,0.9493864527468572,0.9139178608379837,0.9355955903422166,1.0056032623111637,1.3030528867278373,1.9036290727211127,0.920840688072477
152,2022-08-01,153,1.3031633760765557,1.0797241939282864,1.1700477581834945,1.1549523445732124,1.5250030396194192,1.96651995738705,1.064894435981467
153,2022-08-01,154,1.5449791075830859,1.2961546706158615,1.2536138767496903,1.4842483704408296,1.7807883920808953,2.399987292098852,1.3860194186712287
154,2022-08-01,155,1.472268157329426,1.3417950355000114,1.3089205415618348,1.444701634221956,1.8469701493302764,2.3835246203847738,1.424332590720345
155,2022-08-01,156,5.7923863574858006,6.312486892156006,6.239874414114594,6.279739990570117,6.623333598647489,7.5981600522748005,6.499531167588399
156,2022-08-01,157,0.5743417928911971,0.3802841344157856,0.523554968964828,0.5867018683609817,0.9610744325741244,1.3454613809251503,0.48697258572606683
157,2022-08-01,158,1.943660277226947,1.8388850647066148,1.9645518822934822,2.0348516142682747,2.427181365196771,2.8874699496900074,1.8512958812818716
158,2022-08-01,159,0.6821557271128009,0.5638441771423488,0.7561226759294527,0.8557833292473804,1.1531061831250538,1.509296152385346,0.7084863432976829
159,2022-08-01,160,0.8478848643256327,0.6601487070676983,0.7561226759294527,0.7857705673155515,1.1321097447712443,1.6789509072882374,0.6660428571893945
160,2022-08-01,161,1.2421065635601611,1.1849719377153465,1.1691553569050144,1.3306144613891027,1.7843648367580913,4.1604402328995675,1.3787283737206775
161,2022-08-01,162,0.8848374644721118,0.6485628217849508,0.6980621690799242,0.7857705673155515,1.1321097447712443,1.5959853241007296,0.6932125781365271
162,2022-08-01,163,0.8478848643256327,0.6244496261634052,0.6980621690799242,0.7857705673155515,1.1321097447712443,1.6789509072882374,0.6660428571893945
163,2022-08-01,164,2.0444553365780522,1.903631300448905,2.075828084029151,2.0528410285526393,2.392431765639474,3.302192065099547,1.947634869274497
164,2022-08-01,165,3.8705403407000416,4.297970586282006,3.9567777476867554,3.921870886583118,4.472887605684246,7.828788786844469,4.114527807713471
165,2022-08-01,166,0.8478848643256327,0.7045617714678787,0.7246283523021465,0.7857705673155515,1.1321097447712443,1.6789509072882374,0.7658165240000218
166,2022-08-01,167,1.0323349340485715,0.9342177296166183,0.935746537613005,0.9701415664575445,1.408116574910299,1.9036290727211127,0.9633307247637143
167,2022-08-01,168,2.258192452271907,2.036128171977864,2.137312148085691,2.3408948025380787,2.8711715910333577,3.0472905698641033,2.407418789450989
168,2022-08-01,169,3.8860982006889286,4.792111827374707,4.956887723576525,5.56955854816013,5.874275378012681,5.380404559465765,4.63174694882181
169,2022-08-01,170,1.014780830573151,0.9656128198582346,0.9143933925383767,1.2395965448941757,1.4647255197046924,2.117784479711586,1.012149859714767
170,2022-08-01,171,1.1838202170713175,0.9561071591583554,1.0551495871024834,1.0957868005336184,1.4856807014062092,1.9036290727211127,1.0340067994451936
171,2022-08-01,172,5.890298668199328,5.712668555259371,5.919472468402072,5.663333293275941,6.0196044399413315,6.263664435411465,5.765949175583673
172,2022-08-01,173,1.0011159695998473,0.7516551376948981,0.7991820030740864,0.8203216333937617,1.2163411613219777,1.6789509072882374,0.9065744714280489
173,2022-08-01,174,1.3890607550833574,1.405349139452024,1.3546756128712858,1.4842483704408296,1.839491379295346,2.393408165167761,1.3906729962868114
174,2022-08-01,175,0.8478848643256327,0.6244496261634052,0.6980621690799242,0.7857705673155515,1.1321097447712443,1.5959853241007296,0.6660428571893945
175,2022-08-01,176,2.289562249543125,2.063205018949459,1.9486231321652512,2.2676383731474594,2.557255346692537,3.132850024934809,2.264857063987697
176,2022-08-01,177,0.8478848643256327,0.6244496261634052,0.6980621690799242,0.7857705673155515,1.1321097447712443,1.5959853241007296,0.6969304937256677
177,2022-08-01,178,1.6700739812674854,1.8062247083382585,1.8650400356968682,1.749208423536428,2.2438836620682827,2.866028196817962,1.8773805722455348
178,2022-08-01,179,0.5743417928911971,0.28706916064297366,0.3411653333737887,0.4386576001847913,0.7934526739660408,1.3454613809251503,0.4598028647789342
179,2022-08-01,180,0.918167488298133,0.7707655105223787,0.8775350834926882,0.8443497409834448,1.3030528867278373,1.7827239628393108,0.8916096201696468
180,2022-08-01,181,1.066510347426141,0.8637023112141116,0.8572425099236146,0.9489135689934841,1.2163411613219777,1.7998560171700393,0.9517283246087502
181,2022-08-01,182,3.349041030383932,2.8485023556250715,2.980967382672405,3.0874317983258726,3.8143570961009083,4.732744792989594,3.778996969161278
182,2022-08-01,183,3.5246186949151683,3.591800870654787,3.3894363274444355,3.718940226954536,4.329225205864279,4.390939569594085,4.08097370093434
183,2022-08-01,184,2.7881418061275434,2.7171565432780014,2.733760340893066,2.903971320855945,3.53406428008713,3.9443930421824427,3.2528660870891497
184,2022-08-01,185,8.783742419839141,11.003812765222186,11.887169245586794,10.019638689556004,17.175005905788105,15.206021968394978,16.559014620123254
185,2022-08-01,186,2.1275141120459096,1.9666185068335582,2.235923447130187,2.1155553104229368,2.606461314279026,3.0747360085108046,2.031510591601441
186,2022-08-01,187,0.8478848643256327,0.6244496261634052,0.6980621690799242,0.7857705673155515,1.1321097447712443,1.6789509072882374,0.6969304937256677
187,2022-08-01,188,0.7094976576083432,1.135271734687953,1.155656728525904,1.377849402237624,1.6051012627629941,2.2499602267385597,1.1578219260223057
188,2022-08-01,189,1.1762591256781394,1.0711747538602614,0.9688219080417214,1.091029786894254,1.6499854614775817,2.053656138081405,1.2350054701244721
189,2022-08-01,190,1.4139090028109482,1.303378315508944,1.3222361524578843,1.461154430514532,1.9217381182376052,2.4362784916364633,1.387114362449049
190,2022-08-01,191,1.4139090028109482,1.3899628620717828,1.3865647743330776,1.5130915692613418,1.9521739819509725,2.5314954493379767,1.4460060029829027
191,2022-08-01,192,1.3890607550833574,1.3066697884487886,1.2906244408970022,1.4115390007526023,1.7146614552514148,2.161482629150613,1.288588040357424
192,2022-08-01,193,1.8296241327003486,1.5119210941369483,1.6945922724037294,1.7915925461586752,2.172235033330522,2.7960982104098098,1.5948204138693012
193,2022-08-01,194,6.476895764258041,7.109330611591037,6.671709926154141,6.874081727847551,8.36910837256118,9.593823508582117,7.026404119120203
194,2022-08-01,195,6.522204871011388,6.924365865026451,7.104641775356142,6.573010127949862,7.062065735392185,7.833374705868161,7.04069427601702
195,2022-08-01,196,0.7212959844143931,0.38907073548918464,0.46071933013405514,0.528841138407246,0.7934526739660408,1.4284269641126581,0.6163327849252268
196,2022-08-01,197,5.744054510278545,5.053897310328415,5.7702113773205905,5.897013554595793,6.864073635523229,9.608587402627386,6.856682998264412
197,2022-08-01,198,1.5858959395548942,1.5300543717472375,1.3862448877607454,1.5402579051487457,2.09169775683828,2.559807912272948,1.6186376388248682
198,2022-08-01,199,1.4894842946779803,1.2869320970277132,1.3089205415618348,1.4361713120322133,1.8076478111170664,2.399987292098852,1.3022591011280598
199,2022-08-01,200,3.2217933294220873,3.1588241816895093,2.9536454593234565,3.306096663687134,3.5624823630585527,4.1108481508063575,3.5489670951485515
200,2022-08-01,201,6.553949353209561,7.621326669177502,8.378346066863674,8.331091311948056,9.769006606824723,10.16057241518206,9.961175295927632
201,2022-08-01,202,1.302177409746874,1.1045634073710444,1.084033297506012,1.2137139627608193,1.6499854614775817,2.0928622091294615,1.2621751910716048
202,2022-08-01,203,1.0011159695998473,0.7045617714678787,0.8382991625356007,0.8203216333937617,1.2520870548579917,1.6789509072882374,0.9135791183110636
203,2022-08-01,204,1.2492145948976108,1.003200525385375,0.9706738443015211,1.1939463545727955,1.4856807014062092,2.0469167779678386,1.1049783460379219
204,2022-08-01,205,0.918167488298133,0.9113433040995846,0.8572425099236146,1.0056032623111637,1.2556634995351876,1.7998560171700393,0.8756868348917757
205,2022-08-01,206,2.1235583240725937,1.8061205577908328,2.0598998864390654,2.1508015925061517,2.3795742304840264,3.1427501801556943,2.1344741454068994
206,2022-08-01,207,0.7074947602093172,1.3565904530075286,1.3241016789174114,1.5098276014868297,1.886636014170992,2.316982710060991,1.8626728598297264
207,2022-08-01,208,5.183467822357591,5.047240844352373,5.390701751570792,4.9086273863706475,5.933193573792697,6.455054858027951,5.828152145741617
208,2022-08-01,209,0.918167488298133,0.7045617714678787,0.7991820030740864,0.7857705673155515,1.2163411613219777,1.6789509072882374,0.7349288874637485
209,2022-08-01,210,0.6821557271128009,0.5638441771423488,0.6980621690799242,0.7857705673155515,1.0688747665743203,1.509296152385346,0.5380456709926651
210,2022-08-01,211,3.20428280094757,3.150280361715995,3.2922801588470487,3.296713513603238,3.7775502477626164,4.271709596557227,3.887323296660558
211,2022-08-01,212,1.4276834468039106,1.1045634073710444,1.2138794943975146,1.3927644954751464,1.7843648367580913,2.3313668720777008,1.3860194186712287
212,2022-08-01,213,2.1626330180955637,1.933500907962099,2.077299690198259,2.1453068536719346,2.428758583318946,3.0472905698641033,2.1496626234632217
213,2022-08-01,214,1.1838202170713175,1.1888520541745875,1.2071321226211635,1.3768855627403918,1.6698146105758913,2.188582932061563,1.361914673338906
214,2022-08-01,215,0.7517808610749701,0.6244496261634052,0.6980621690799242,0.7857705673155515,1.1321097447712443,1.5959853241007296,0.6660428571893945
215,2022-08-01,216,9.007407694100271,4.014139083536244,3.7264051601388735,3.573637606151315,3.94013294298389,6.6495723438991785,4.532659863961674
216,2022-08-01,217,1.5449791075830859,1.3710409712047216,1.542077926500961,1.4250828264012356,1.83591493461815,2.3195904715180635,1.5946309161738312
217,2022-08-01,218,1.241287258004269,1.2629510810458622,1.26183530476328,1.2514887456822616,1.6729613652239512,2.4086137256385043,1.5158708535591463
218,2022-08-01,219,2.849107622225781,2.691815496392441,2.741295396041772,2.8932652267696106,3.476454045071256,4.157116835604877,3.574894386041204
219,2022-08-01,220,0.5743417928911971,0.28706916064297366,0.3411653333737887,0.4386576001847913,0.7934526739660408,1.3454613809251503,0.4906905013152075
220,2022-08-01,221,1.3250550448618754,1.1506482063041936,1.1104485334574459,1.3371320233309016,1.8201107302941053,2.3195904715180635,1.2621751910716048
221,2022-08-01,222,2.2103319604997433,2.1866581661835283,2.1186436854239195,2.30786444278521,2.5579840487075067,3.055266091679451,2.044996920960235
222,2022-08-01,223,0.6821557271128009,0.5638441771423488,0.6980621690799242,0.7857705673155515,1.0688747665743203,1.4263305691978383,0.5071580344563918
223,2022-08-01,224,1.1847700229945157,0.9561071591583554,1.1185723640882346,1.0645927664497097,1.6106631232643718,1.9850357180602538,1.2350054701244721
224,2022-08-01,225,1.0011159695998473,0.7809098640827992,0.7991820030740864,0.8789008070616551,1.2556634995351876,1.7998560171700393,0.9942183612999875
225,2022-08-01,226,2.6513853685483233,2.108340803672854,2.3076722290426015,2.3344600762504695,3.031573410108285,3.516712576669825,2.2218776349445863
226,2022-08-01,227,2.2616267672238908,2.043892264483471,2.117302304732538,2.241551227389125,2.536297235373852,3.1753775556223616,2.4157679616059133
227,2022-08-01,228,0.7517808610749701,0.6244496261634052,0.6980621690799242,0.7857705673155515,1.1321097447712443,1.5959853241007296,0.6660428571893945
228,2022-08-01,229,2.1544436781470715,1.8176704256945502,1.979339827048436,2.1527324490905944,2.52787697316076,3.1262902975900353,2.5611046908507267
229,2022-08-01,230,4.683267751903905,5.059160367744881,4.395419308604431,4.61489532102321,5.164720570848647,6.8848630803562525,4.738269663628676
230,2022-08-01,231,1.5449791075830859,1.5871728474559617,1.4944123775154432,1.578606794997841,1.9020966918675313,2.5314954493379767,1.5569360414732043
231,2022-08-01,232,3.20428280094757,2.8028464703613456,3.0517873631160293,3.051949030887085,3.6499555188556445,4.475736015877312,3.686873791352436
232,2022-08-01,233,2.3428891693684233,2.1377973427041663,2.3332880858010867,2.3343764378493934,2.7827342734195106,3.281216377627032,2.458428171697919
233,2022-08-01,234,0.8478848643256327,0.6244496261634052,0.6980621690799242,0.7857705673155515,1.1321097447712443,1.5959853241007296,0.6660428571893945
234,2022-08-01,235,4.587172052623363,4.464430298547774,4.362331529287295,4.39491977919405,5.307366965684968,5.9117926935546725,5.115747627020689
235,2022-08-01,236,3.545057089523789,3.388714774325533,3.268480284330593,3.4914484415750264,3.910312465631385,4.507219947672926,3.8365000255997774
236,2022-08-01,237,40.98678764479523,13.565340111721472,4.116395808968044,9.176117612295833,10.592129623013443,9.53539257311375,16.785799371862463
237,2022-08-01,238,2.5508364510984984,2.837785822643465,2.751946705746616,2.8852390802664383,3.3169944444752497,4.590889262534164,3.2850956550988517
238,2022-08-01,239,1.9188957551918504,1.732646547915516,1.7551109794497186,1.7156964523400862,2.2176861224353095,2.839996030378441,1.898178280558481
239,2022-08-01,240,0.8135817089490398,0.6485628217849508,0.7256597206763972,0.7857705673155515,1.1321097447712443,1.5959853241007296,0.6932125781365271
240,2022-08-01,241,2.3952412188656305,2.5305191564484635,2.5562968524619625,2.5821147719508044,2.8686645640276534,3.995599170869214,2.9179277274903748
241,2022-08-01,242,1.9529970895538502,1.6666176476991257,1.9528824687074189,1.8356895030172495,2.1092590633473667,2.9504839507817135,2.2059543002501707
242,2022-08-01,243,2.3689457830449747,2.177875474550041,2.2148734432548096,2.341231735877651,2.981485169293892,3.359970663614467,2.329922807895135
243,2022-08-01,244,4.1842611249752135,4.622963262596908,4.576942949693919,4.680616846847759,5.3597418758290285,5.908281940036927,4.594073449268633
244,2022-08-01,245,1.1450401612294152,0.7745295632119318,0.9877652554297355,0.8203216333937617,1.3806170132237465,1.7827239628393108,1.064894435981467
245,2022-08-01,246,2.172515765178451,1.8919367423167734,2.0117750178677793,2.0952180602648096,2.3637427390655716,3.061396352029898,1.8574913971730624
246,2022-08-01,247,0.8478848643256327,0.7402608523721719,0.7246283523021465,0.7857705673155515,1.1321097447712443,1.6789509072882374,0.840201445083553
247,2022-08-01,248,1.2421065635601611,1.1176294272267395,1.0943254976372478,1.3757625522286476,1.83591493461815,2.3195904715180635,1.2453881144401304
248,2022-08-01,249,1.4686002787757189,1.6044227426176465,1.5668837732719865,1.499394641098879,1.9813841785777455,2.399987292098852,1.651688107257825
249,2022-08-01,250,5.479433290053751,4.937751517087866,5.142050160760401,4.975142590161028,5.983253473009789,6.704607023549892,5.934709690216506
250,2022-08-01,251,1.4894842946779803,1.2196310020729502,1.2516987895179692,1.3872953639256416,1.7807883920808953,2.3195904715180635,1.3195226593289546
251,2022-08-01,252,27.027176989247,22.966938221546012,22.098789610780834,22.82973636645001,27.48720324283223,29.308530148281537,27.142985168307867
252,2022-08-01,253,8.814996100458487,10.814782700035382,10.631245336513832,11.109392492443845,11.577129476979536,12.465978007657684,12.591734687254219
253,2022-08-01,254,0.9835618661244268,0.9470423850038778,0.8572425099236146,1.0886302841191084,1.2845935997730067,1.8627469018359766,1.0362455138132327
254,2022-08-01,255,0.5743417928911971,0.28706916064297366,0.3411653333737887,0.4386576001847913,0.8327750121792508,1.3454613809251503,0.4598028647789342
255,2022-08-01,256,1.7705750792820125,1.6053903223844133,1.7200985406436313,1.611065861022607,2.011618436029155,2.7876244011300075,1.7711899707784948
256,2022-08-01,257,0.5743417928911971,0.28706916064297366,0.3411653333737887,0.4386576001847913,0.7934526739660408,1.3454613809251503,0.4862157140647534
257,2022-08-01,258,0.8478848643256327,0.6244496261634052,0.6980621690799242,0.7857705673155515,1.1321097447712443,1.5959853241007296,0.6660428571893945
258,2022-08-01,259,1.9290173952079313,1.8158979800008872,1.816852497255528,1.8199272437665384,2.179427581222036,2.7826878087922697,1.8660668201220156
259,2022-08-01,260,1.7841577718660049,1.773754225297129,1.781279818125702,1.6154556210461326,2.2176861224353095,2.832020508563093,1.9539447095461502
260,2022-08-01,261,1.6839111459091964,1.5019868907136584,1.562821637494006,1.6652397081261838,2.0073005244882274,2.5314954493379767,1.5910555158449031
261,2022-08-01,262,0.7517808610749701,0.6244496261634052,0.6980621690799242,0.7857705673155515,1.1321097447712443,1.5959853241007296,0.6660428571893945
262,2022-08-01,263,3.8621407257329947,3.515896049214729,3.7209711753913446,3.8920376862690578,4.490211482373109,5.400337704055639,5.041820422610762
263,2022-08-01,264,0.918167488298133,0.6944174179074583,0.8511198475412545,0.7857705673155515,1.3030528867278373,1.7827239628393108,0.8109703771807231
264,2022-08-01,265,3.3427686875671196,2.971386061967991,3.195931415797588,3.2379420970503996,3.805164691585649,4.22320379640465,3.985422739632735
265,2022-08-01,266,1.965001930513228,1.6862723459903186,1.6913006709737488,1.7594451718959503,2.1525681621858648,2.622867188618174,1.9058261572447106
266,2022-08-01,267,2.4824151269904755,2.7594714596922927,2.739887640148115,2.895389361458131,3.4468293050403647,3.87830608138267,3.2556351004730386
267,2022-08-01,268,2.345474699453068,2.515586096662094,2.5016062476993923,2.4474546038447667,2.796680552998185,3.5143204632449487,2.6829755702849294
268,2022-08-01,269,0.7654550021352629,0.5149277696624013,0.7394923939243242,0.5948662169686925,1.0330094748042167,1.744259031739385,0.6282799816367243
269,2022-08-01,270,7.489650239555153,6.820323701033319,7.101010449434627,7.956984990490764,9.692225903799216,9.669384738288313,8.168534424019068
270,2022-08-01,271,18.407203559907426,15.63939179784111,18.323400163423354,18.978551258831782,22.791409075475762,21.238046704103777,23.21883392939917
271,2022-08-01,272,0.8478848643256327,0.7045617714678787,0.7246283523021465,0.7857705673155515,1.1321097447712443,1.6789509072882374,0.6660428571893945
272,2022-08-01,273,3.9353441464669654,3.5164567874353807,3.8203649261239656,3.533993974185658,4.351430489394316,5.053765043021969,4.488100918248344
273,2022-08-01,274,6.872635973714093,7.609468857682362,8.20012798687449,7.915495755481024,8.678292164877826,10.056307033542067,10.39657707044673
274,2022-08-01,275,1.429372635447237,1.26508408301982,1.3004220340445778,1.3371320233309016,1.8201107302941053,2.3195904715180635,1.417781584395811
275,2022-08-01,276,1.014780830573151,0.8669302396994045,0.8570915626528259,1.0508428216435144,1.4254031814914825,1.8627469018359766,0.9639219396853989
276,2022-08-01,277,1.0886660197438531,1.0217709602397318,1.1176627398534684,1.1993336729732342,1.6106631232643718,2.0654325386410424,1.275089380180927
277,2022-08-01,278,3.514355102843376,2.9889198020108005,2.998473467329239,3.2390552681165365,3.8999236164181528,4.306153970924492,3.419109184367722
278,2022-08-01,279,3.588620157083926,1.1636520037307192,1.5950319098220784,1.695736429973831,2.1517922456502414,2.8130351505687665,1.508376436158442
279,2022-08-01,280,0.9308333456273472,0.7045617714678787,0.782688859151675,0.8903343953255907,1.1321097447712443,1.6789509072882374,0.7570491981647708
280,2022-08-01,281,1.0502570337094477,1.3209898720670266,1.400709717708693,1.5572083947285598,1.8823181026300642,3.245200259042442,1.3785776563895404
281,2022-08-01,282,2.5673484182969335,2.06024136759941,2.175131443206146,2.3033516605085618,2.9591561312633607,3.432446472348122,2.320319199423295
282,2022-08-01,283,2.3034329275485526,2.370820729956829,2.4373850025866224,2.4333462336772187,2.9282279699022276,3.73342212962175,2.5865257334986524
283,2022-08-01,284,0.8478848643256327,0.6244496261634052,0.6980621690799242,0.7857705673155515,1.1321097447712443,1.5959853241007296,0.6969304937256677
284,2022-08-01,285,0.5743417928911971,0.31118235626451934,0.3411653333737887,0.4386576001847913,0.7934526739660408,1.3454613809251503,0.48697258572606683
285,2022-08-01,286,3.894839564719846,3.743104940638167,3.9267298152569956,4.180503941311615,4.837998174347648,5.149108370690651,4.263096433249494
286,2022-08-01,287,4.849030386546718,4.965015343920261,4.932329637719194,5.214625617508208,5.939456544310848,6.98630877593965,6.449995219521688
287,2022-08-01,288,0.8478848643256327,0.6244496261634052,0.6980621690799242,0.7857705673155515,1.1321097447712443,1.5959853241007296,0.6660428571893945
288,2022-08-01,289,0.8478848643256327,0.6244496261634052,0.6980621690799242,0.7857705673155515,1.1321097447712443,1.5959853241007296,0.6660428571893945
289,2022-08-01,290,3.735809016629704,3.935228628871054,3.973214903518903,4.265451914361443,4.9127288664369875,5.314317598665992,4.896406825627047
290,2022-08-01,291,1.5649453935559465,1.394834021619097,1.3315300103467047,1.5411438063484888,1.9610604564508154,2.23530032280031,1.3697253860892724
291,2022-08-01,292,1.1762591256781394,1.1045634073710444,1.0268824148912499,1.1610425488260838,1.6106631232643718,1.9850357180602538,1.2041178335881988
292,2022-08-01,293,1.923693991254086,1.6777882034278648,1.7762045501496482,1.930279145947904,2.1959335938726907,2.9088243723927656,1.8353294214736522
293,2022-08-01,294,1.3675717875731672,1.197741572531213,1.1588631567737786,1.3371320233309016,1.8201107302941053,2.3195904715180635,1.2460980036661866
294,2022-08-01,295,1.7208637460556753,1.4772389400166976,1.5350575981586339,1.6678205618315904,1.9521739819509725,2.5314954493379767,1.571392267699458
295,2022-08-01,296,2.065008919028596,1.9605665099544423,1.9793375793968506,1.8989516872925076,2.2541023864265286,2.9550700528199707,1.8794133079588915
296,2022-08-01,297,2.2062743514807246,2.0918567793472076,2.0684347594882078,2.178902102251346,2.5968917996396548,5.811341927623145,2.489171589433646
297,2022-08-01,298,1.3335659421782518,1.0688643264667512,1.1643191875339762,1.2628460379832323,1.4856807014062092,2.0114555637903204,1.0340067994451936
298,2022-08-01,299,3.6099481535769256,2.921266350131581,3.4812388032273747,3.1147508576196503,3.6216657997267054,4.292355965590996,3.938422207336659
299,2022-08-01,300,1.9401536827856372,1.897999592718547,1.854444175888514,1.9539958636202588,2.2541023864265286,2.944782482805397,1.8226047300598003
300,2022-08-01,301,1.2226145448783363,1.0613033416008522,1.0423067798205174,1.2960805603308598,1.7109325127599875,2.329384026331867,1.1024468012442579
301,2022-08-01,302,1.122577559602456,1.073527919744141,0.9432184261764247,1.0476994567159843,1.408116574910299,1.9036290727211127,0.9942183612999875
302,2022-08-01,303,2.2355701535473393,2.14752077482267,2.0387423678583887,2.272415702416858,2.4398876419122666,3.215086711853547,2.0951620155037745
303,2022-08-01,304,1.182783524369512,2.233181582903216,1.1875351278751842,1.262128882041197,1.6843974944298776,2.9606372834619474,1.3061095463625785
304,2022-08-01,305,1.7355066280746898,1.5119210941369483,1.6290089379479025,1.85741351277068,2.1916156823317627,2.7314497065881693,1.6109550119976253
305,2022-08-01,306,2.986893132137425,1.2705884736514463,1.1908153564134163,1.3157960986089496,1.7036494791300238,3.249076766711257,1.4790716032812887
306,2022-08-01,307,4.217770364014226,4.206373738126602,4.7627552821548935,5.794628538593001,6.437058120897398,8.76616226755557,5.045843247254188
307,2022-08-01,308,0.6821557271128009,0.5638441771423488,0.6980621690799242,0.7857705673155515,1.0688747665743203,1.4263305691978383,0.5071580344563918
308,2022-08-01,309,1.5342951776405271,1.3787849350010555,1.501640360011935,1.544387774674758,1.87523727283136,2.4576777556882794,1.6176655854538893
309,2022-08-01,310,1.014780830573151,0.9325940407807805,0.9142424452675882,1.1254602173755468,1.3214048495044397,1.7998560171700393,0.920840688072477
310,2022-08-01,311,2.0444553365780522,1.9412925572664121,2.1280213154583265,1.9671506959753542,2.4488762324081796,3.3235984846869093,1.9909522481570625
311,2022-08-01,312,1.182783524369512,1.095287949481807,1.193402223356001,1.1346055283815395,1.6106631232643718,2.1340529586621937,1.3669851224629952
312,2022-08-01,313,1.392420035300758,1.2542593155274229,1.2745991171037239,1.3316628917813973,1.7450424985448814,2.3195904715180635,1.3533610441276167
313,2022-08-01,314,0.7517808610749701,0.6244496261634052,0.6980621690799242,0.7857705673155515,1.1321097447712443,1.5959853241007296,0.6660428571893945
314,2022-08-01,315,3.8811473431915826,3.790408085916845,3.900589555855352,3.9873734971738157,5.060405342476754,5.685182766074087,4.798128460471395
315,2022-08-01,316,0.918167488298133,0.6601487070676983,0.8306763267013924,0.7857705673155515,1.2556634995351876,1.6789509072882374,0.9585672894818152
316,2022-08-01,317,1.908958102808418,1.779296323650685,1.7957519054861957,1.8993514759610992,2.2198398500253966,2.828427551811977,2.004436958288475
317,2022-08-01,318,0.9308333456273472,0.7045617714678787,0.7246283523021465,0.8203216333937617,1.1321097447712443,1.6789509072882374,0.7800827406444498
318,2022-08-01,319,4.219710394727837,4.284365486119211,4.264017655767273,4.481308067420639,4.952208567434822,5.516508016276774,4.7269602491679095
319,2022-08-01,320,1.3890607550833574,1.2744525250114045,1.2711012464413802,1.378880667609951,1.910408775461476,2.2418794497314014,1.3775420029252008
320,2022-08-01,321,0.9750800900259964,0.7313552689162632,0.8016352634913693,0.9011159200495853,1.2912346192955422,1.7540931664681803,0.8106787508329801
321,2022-08-01,322,1.3499032925894663,1.1045634073710444,1.1335936043695507,1.3371320233309016,1.83591493461815,2.250970051496912,1.292352938381822
322,2022-08-01,323,1.37448277415006,1.3303846790349405,1.404198916719776,1.4531163305376467,1.7843648367580913,2.399987292098852,1.444740758183547
323,2022-08-01,324,6.251468657429518,7.094032886322058,7.5573491330097635,6.615073358699072,8.786994770865057,8.25099594477755,8.101598690247476
324,2022-08-01,325,3.5662710359567646,2.797740973863546,3.1335319425342925,3.337193081134423,3.867079857481936,4.446841389217296,3.8392124729281853
325,2022-08-01,326,7.716354892490191,7.15745355979963,7.048359047124797,7.470591734052995,9.77697980588602,12.110285384896493,9.764975834484936
326,2022-08-01,327,1.3890607550833574,1.461225358697954,1.4041728815569785,1.531260223916215,1.9217381182376052,2.5314954493379767,1.4656268698309143
327,2022-08-01,328,1.0011159695998473,0.7045617714678787,0.8963596693851288,0.8203216333937617,1.2556634995351876,1.759347727869026,1.0343022713564425
328,2022-08-01,329,1.0844352636079773,0.9658291044960654,1.1071683049192138,1.1658925939353013,1.3173820350268226,1.7339743178182214,0.9060096132484642
329,2022-08-01,330,2.436808557046188,2.832737713426102,2.8567446123503717,2.8390748986387457,3.1688706404608635,3.995599170869214,3.303495280674273
330,2022-08-01,331,0.7517808610749701,0.6485628217849508,0.6980621690799242,0.7857705673155515,1.1678556383072582,1.6789509072882374,0.8222173128499844
331,2022-08-01,332,0.5743417928911971,0.28706916064297366,0.3411653333737887,0.4386576001847913,0.7934526739660408,1.3454613809251503,0.4598028647789342
332,2022-08-01,333,1.5858959395548942,1.4858111294989798,1.6262801118700054,1.5589879871771206,1.9499120780358525,2.460621323133183,1.5674611952266986
333,2022-08-01,334,1.240264835899621,1.0217709602397318,1.1071683049192138,1.1778562931224075,1.4856807014062092,1.9036290727211127,1.0340067994451936
334,2022-08-01,335,5.557824760577209,5.752810236292027,5.411706972097436,5.407515958472093,5.719622343811036,6.78221509007352,6.411938118551296
335,2022-08-01,336,1.8854363474278077,1.9359368887569155,1.919033658513201,1.9413101474487935,2.4540154200905913,2.8874699496900074,1.7562218116151835
336,2022-08-01,337,1.3584141899058426,1.2637173402991497,1.368783553231853,1.4754910064884803,1.87523727283136,2.3313668720777008,1.5692319332340372
337,2022-08-01,338,0.6112943930376757,0.31118235626451934,0.3411653333737887,0.4386576001847913,0.7934526739660408,1.3454613809251503,0.48697258572606683
338,2022-08-01,339,1.1835532699303093,1.07053606099972,1.0931798140900422,1.262189918490554,1.7146614552514148,2.211763980448856,1.2799363884648487
339,2022-08-01,340,1.1762591256781394,0.9342177296166183,1.0255845505501902,1.0681878325257852,1.5250030396194192,1.9840258933019013,1.0624883093466846
340,2022-08-01,341,0.5743417928911971,0.3802841344157856,0.523554968964828,0.5867018683609817,0.9610744325741244,1.3454613809251503,0.4598028647789342
341,2022-08-01,342,46.13929943422082,15.75923696564585,10.18251729784633,10.6668265757922,10.647057549190848,14.449408205998864,14.117842828944365
342,2022-08-01,343,1.9966311267058614,1.7744940085094902,1.9077175627155492,2.001194634033689,2.3637427390655716,3.1260448558515384,1.9994136308232533
343,2022-08-01,344,1.5240950916808245,1.5937761292321957,1.5212576452708622,1.5249025921888912,1.9545247595415745,2.6913160695120726,1.7137357067501935
344,2022-08-01,345,1.1767121857338678,1.0355806116022879,1.0449161380444978,1.216950359158203,1.6499854614775817,2.0928622091294615,1.1887975178440942
345,2022-08-01,346,2.0995786297266754,1.9167221191417636,2.037943856543763,2.1756376478836246,2.427181365196771,3.136332425866112,2.1905316989752945
346,2022-08-01,347,34.72856132900328,17.413853335071604,6.616972062747299,4.517364381461122,5.197691565260837,7.263800989992132,10.099280477054597
347,2022-08-01,348,1.3675717875731672,1.12867660299259,1.1600088403209843,1.3306316264090703,1.7145089574371835,2.2499602267385597,1.2292548723650987
348,2022-08-01,349,0.918167488298133,0.7045617714678787,0.837001298194541,0.7857705673155515,1.2163411613219777,1.6789509072882374,0.7658165240000218
349,2022-08-01,350,14.697661893614962,8.856874816722394,8.8926603200837,9.154010421412424,8.702504276991519,10.519106754209256,10.063268342870034
350,2022-08-01,351,4.088355981132321,4.398866660234261,4.138477782595965,3.8983135588317332,4.9531871758386625,6.256855034659558,4.7798728264238335
351,2022-08-01,352,1.3442819054464679,1.1780803966131197,1.1555829282355465,1.1346055283815395,1.6499854614775817,2.1340529586621937,1.324495085771758
352,2022-08-01,353,6.839451100082805,6.669138910992192,7.094555125065297,7.3491729917208675,9.31970360900765,9.906764276304264,7.944775417897866
353,2022-08-01,354,1.923693991254086,1.8081891625216402,1.8721448835857237,2.024982642770035,2.3637427390655716,2.8874699496900074,1.9219276922912203
354,2022-08-01,355,0.5743417928911971,0.28706916064297366,0.3411653333737887,0.4386576001847913,0.7934526739660408,1.3454613809251503,0.4598028647789342
355,2022-08-01,356,5.534088583294433,5.426424099814977,5.904781528474987,5.44706298692124,6.8409724232553275,7.423606248170115,6.177713400208671
356,2022-08-01,357,1.310517180974816,1.1550073825093472,1.1947977349253274,1.2965527856185894,1.6687118320832124,2.329384026331867,1.2278696170889607
357,2022-08-01,358,0.5743417928911971,0.3802841344157856,0.523554968964828,0.5867018683609817,0.9610744325741244,1.4284269641126581,0.4598028647789342
358,2022-08-01,359,2.0910655327051475,1.975826867273299,1.9718599076121066,1.9633817167929024,2.2502087895040765,2.9504839507817135,2.236417618341399
359,2022-08-01,360,1.3890607550833574,1.135271734687953,1.3729717135361181,1.4101677331637132,1.682665389258904,2.2499602267385597,1.1894955352424044
360,2022-08-01,361,1.2187758683894312,1.153967200991574,1.139531569279471,1.0789730562372948,1.6499854614775817,2.1340529586621937,1.3398154015158625
361,2022-08-01,362,0.8478848643256327,0.6244496261634052,0.6980621690799242,0.7857705673155515,1.1321097447712443,1.6789509072882374,0.6969304937256677
362,2022-08-01,363,1.1157364754060142,0.9998815306979947,0.9928974202277674,1.2152862736750363,1.47424351173978,2.0114555637903204,0.9633307247637143
363,2022-08-01,364,3.630979735554764,3.00019277493618,3.2794009272485414,3.4994672968802414,4.2918432445976435,5.235461550843067,4.885917058232064
364,2022-08-01,365,1.3499032925894663,1.072982556523368,1.1104485334574459,1.397498469327437,1.7807883920808953,2.17325902971025,1.3015022294667462
365,2022-08-01,366,1.3499032925894663,1.0826739778293073,1.1104485334574459,1.3290593154948533,1.7539837934646247,2.250970051496912,1.2350054701244721
366,2022-08-01,367,2.45153655860489,2.3071092093707333,2.3121816173540553,2.521490202814178,2.87522839988196,3.6798542215252197,2.769285058923305
367,2022-08-01,368,0.7517808610749701,0.6244496261634052,0.6980621690799242,0.7857705673155515,1.1321097447712443,1.5959853241007296,0.6660428571893945
368,2022-08-01,369,0.9132792421519267,0.6244496261634052,0.6980621690799242,0.7857705673155515,1.2163411613219777,1.6789509072882374,0.7950475919028518
369,2022-08-01,370,0.7517808610749701,0.6244496261634052,0.6980621690799242,0.7857705673155515,1.1321097447712443,1.5959853241007296,0.6660428571893945
370,2022-08-01,371,1.923693991254086,1.7273283461619124,1.8233680021421244,1.8430800977718986,2.1959335938726907,2.917469407813986,1.9354680715943793
371,2022-08-01,372,1.0351509362127087,0.7286749670894244,0.7522259038986194,0.8203216333937617,1.1321097447712443,1.6789509072882374,0.6932125781365271
372,2022-08-01,373,1.0323349340485715,1.0355806116022879,1.0320145796892817,1.1222238209781632,1.447438913123509,1.9036290727211127,1.0515658295573374
373,2022-08-01,374,0.918167488298133,0.9368980314434574,0.9091803543907827,1.0433907247867578,1.3387987802638512,1.9036290727211127,0.9517283246087502
374,2022-08-01,375,1.508026507436607,1.2720414749943159,1.2157945816292357,1.4842483704408296,1.7807883920808953,2.399987292098852,1.3022591011280598
375,2022-08-01,376,2.200449213416856,2.1278889433683688,2.0748411848256896,2.2037223700991735,2.4666475706825506,3.0258445054628393,2.1858501829771404
376,2022-08-01,377,1.6179162430348613,1.5504416194361115,1.5386057439343697,1.5081520050512283,1.948971643996866,2.478741578086287,1.6956392024774962
377,2022-08-01,378,2.3767769601962088,1.6278457121979923,1.763126014755784,1.7001388927576797,2.2130734409295876,8.1527910030402,1.7409540505684091
378,2022-08-01,379,1.8891242805560067,1.8329009773779736,1.7970212087996253,1.8758759179079294,2.2502087895040765,2.9504839507817135,1.9223877195295336
379,2022-08-01,380,0.9308333456273472,0.7045617714678787,0.782688859151675,0.8903343953255907,1.1321097447712443,1.6789509072882374,0.8534604138719605
380,2022-08-01,381,11.837916841258936,12.785548232874822,11.912344237520188,11.089831781106051,10.870535886092053,14.312756508407789,14.430992883911516
381,2022-08-01,382,13.513612953220104,14.066316710106944,15.61003913410384,15.26389284663361,18.4399159285326,21.851176609009617,18.939225205976946
382,2022-08-01,383,0.7212959844143931,0.43616410171620396,0.46071933013405514,0.528841138407246,0.7934526739660408,1.5088237846934467,0.6873043315179549
383,2022-08-01,384,2.188689631772115,1.971915783685401,2.158926494204389,2.3033516605085618,2.866032403350946,3.4708964577872212,2.587492666441744
384,2022-08-01,385,1.5858959395548942,1.4752960116660527,1.4913925813251556,1.6459746045245542,1.87523727283136,2.706540231864384,1.6150939593822746
385,2022-08-01,386,1.0977293118748652,0.9470423850038778,0.8836577458750482,1.0853938877217248,1.3896572879554685,1.8627469018359766,0.9942183612999875
386,2022-08-01,387,2.1386761403837213,2.3911884367887564,4.149638017648574,2.5620563629376725,2.886571424418607,7.86485538496913,2.711719739532905
387,2022-08-01,388,3.377838240187486,3.5200709510009105,3.5801463063441914,3.794098833081599,4.4218146474533615,5.278466503993914,4.5391002683974415
388,2022-08-01,389,0.7517808610749701,0.6244496261634052,0.6980621690799242,0.7857705673155515,1.1321097447712443,1.5959853241007296,0.6660428571893945
389,2022-08-01,390,0.5743417928911971,0.28706916064297366,0.3411653333737887,0.4386576001847913,0.7934526739660408,1.3454613809251503,0.4598028647789342
390,2022-08-01,391,1.508026507436607,1.5119210941369483,1.5673163864717425,1.6299034752629051,2.0783988850155235,2.614835837363669,1.4354491225206971
391,2022-08-01,392,6.722972294847182,6.583808911727297,6.911052170292064,6.316632505716087,7.1495969989299,8.682857155255407,6.112975388608631
392,2022-08-01,393,0.8478848643256327,0.6244496261634052,0.6980621690799242,0.7857705673155515,1.1321097447712443,1.6789509072882374,0.7111967103700956
393,2022-08-01,394,0.5743417928911971,0.28706916064297366,0.3411653333737887,0.4386576001847913,0.7934526739660408,1.3454613809251503,0.4598028647789342
394,2022-08-01,395,0.973350088338639,0.7045617714678787,0.7624476474226012,0.8203216333937617,1.1321097447712443,1.5959853241007296,0.6969304937256677
395,2022-08-01,396,7.466433583593187,5.788653436703825,1.217522034779319,1.2614728083225955,1.5501033845268342,2.142133735669352,1.0614719923035751
396,2022-08-01,397,0.9308333456273472,0.7045617714678787,0.7246283523021465,0.8203216333937617,1.1321097447712443,1.6763821446815181,0.8246582936540612
397,2022-08-01,398,1.7208637460556753,1.561466667285997,1.5366527988180227,1.7310585018322908,2.0314168124062166,2.6205373053399854,1.6272379449777374
398,2022-08-01,399,5.747122712903313,5.346813887896192,6.246739756041666,5.885691701080268,5.70965021895742,6.534934418544915,5.3025836692390715
399,2022-08-01,400,2.8053799209241763,2.9013374471034408,2.846174475009399,3.005485246704714,3.294535662202005,4.213601679603562,3.3444218679792708
400,2022-08-01,401,1.8708844258875694,1.9333948536799663,1.8935559743313142,2.023382670730312,2.281795119021714,2.706207576643866,1.8660668201220156
401,2022-08-01,402,1.1587050222027184,1.0826739778293073,1.1091506691163862,1.262189918490554,1.6789155617154008,2.1431435604277045,1.2770326226377173
402,2022-08-01,403,2.563127033907708,6.219927481382534,2.9624791478084216,2.9284597002124144,3.487938893141033,5.125250927774732,3.387935565888484
403,2022-08-01,404,1.5724881511814288,1.4226232184401388,1.4590820553436616,1.6799177059596,1.9393232032679597,2.3148938156721415,1.5591762504488695
404,2022-08-01,405,0.9835618661244268,0.8669302396994045,0.8570915626528259,1.0886302841191084,1.3203394933090207,1.8627469018359766,0.9330343031491256
405,2022-08-01,406,1.0259642173274381,0.8999490187768584,0.8572425099236146,1.0401543283893742,1.2163411613219777,1.8627469018359766,0.9633307247637143
406,2022-08-01,407,0.7517808610749701,0.6244496261634052,0.6980621690799242,0.7857705673155515,1.1321097447712443,1.5959853241007296,0.6969304937256677
407,2022-08-01,408,0.8478848643256327,0.6244496261634052,0.6980621690799242,0.7857705673155515,1.1321097447712443,1.5959853241007296,0.6660428571893945
408,2022-08-01,409,1.4831782597090162,1.3516169989188975,1.2906244408970022,1.4115390007526023,1.7146614552514148,2.3305172805018235,1.373443301678413
409,2022-08-01,410,0.9493864527468572,0.8999490187768584,0.8572425099236146,1.1157062590363638,1.3607271877176497,1.8802528377508279,0.9918122346652052
410,2022-08-01,411,3.470193306681781,3.123646637022591,3.4224099625151863,3.0382439029565433,3.625641742385522,4.0789571303781464,3.2778208916322074
411,2022-08-01,412,3.439838495545483,3.216086688382015,3.24035397614107,3.2593873408419425,3.614697632950611,4.080716573185592,3.5353382933106405
412,2022-08-01,413,1.2059309384564867,1.0887637561645929,1.3149225079549027,1.5499553431703954,1.7583223441912974,2.263820364516167,1.0736963960543888
413,2022-08-01,414,2.873021800434032,2.7205140228896685,2.685441664276866,3.0467994560984737,3.3271636868348433,4.1159562753280605,3.289009670828165
414,2022-08-01,415,2.5306913434022595,2.9255825059895195,2.6451399341665756,3.0845036071103666,3.2463450799979845,4.165973009767976,3.1329256977551747
415,2022-08-01,416,7.9997318524609655,8.78262763981665,8.901448158692464,9.386789104671541,10.12856804846615,11.487735954511994,8.83063931635993
416,2022-08-01,417,1.280576716263501,1.0596938072238336,1.1116308491024849,1.2137139627608193,1.6106631232643718,1.9850357180602538,1.2312875545353315
417,2022-08-01,418,0.8727331120532236,0.6485628217849508,0.7256597206763972,0.7857705673155515,1.1321097447712443,1.6588762087666669,0.7261615616284975
418,2022-08-01,419,0.973350088338639,0.7045617714678787,0.7246283523021465,0.8203216333937617,1.1321097447712443,1.5959853241007296,0.7394205304169049
419,2022-08-01,420,5.887462234697816,6.152396329044313,5.6994479980386625,5.791848895978868,6.5952729874224065,8.335660727743328,6.140534610984584
420,2022-08-01,421,3.6474876165546446,3.738209986647721,3.5531738391140975,3.392156223298155,4.350520912592219,5.122764607877925,5.030617683129875
421,2022-08-01,422,0.8478848643256327,0.6244496261634052,0.7561226759294527,0.8557833292473804,1.1321097447712443,1.6789509072882374,0.7349288874637485
422,2022-08-01,423,0.6821557271128009,0.5638441771423488,0.6980621690799242,0.7857705673155515,1.0688747665743203,1.509296152385346,0.5343277554035245
423,2022-08-01,424,8.139938337315169,3.697858581490044,3.7327678368003676,3.0002248097703506,3.498471527110109,5.719219694710728,3.3584929206454412
424,2022-08-01,425,3.549700347531697,3.2156666474680673,3.0932157703106373,3.2963634130897317,3.9623863816438556,5.047959098741489,4.0020494680009415
425,2022-08-01,426,1.3359754164724544,1.0355806116022879,1.0193126561792012,1.260525833007387,1.6951283084359428,2.169563406157771,1.0224043992902296
426,2022-08-01,427,28.664433897240265,21.64061526719438,26.41717350084189,22.4031906059082,27.717306404702004,32.78873132319001,26.26634944458478
427,2022-08-01,428,2.248538101141041,3.373094990951409,2.0641149428713317,2.2137497095504526,2.557255346692537,4.039172082793141,2.100432992844089
428,2022-08-01,429,2.4154281023663473,2.173012939801224,2.2003713606757174,2.201138862441286,2.7046217042051373,3.6088298168371953,2.647824193634821
429,2022-08-01,430,68.44476703994535,59.33429097442914,56.609828001562356,57.86798770601892,99.62281435357032,42.51068244206679,42.176783097923774
430,2022-08-01,431,6.213082949797785,1.8518427208734853,2.006748391440177,2.0505189141608584,2.3368833200294006,2.945006488159193,1.900179719112539
431,2022-08-01,432,1.8260698921871172,1.7936186856954135,1.9078044594596117,1.7449710217984933,2.0469709030204375,2.8001860249836126,2.0460238464873273
432,2022-08-01,433,4.255830825275555,3.715219628208294,4.164346503780504,3.7519197422203185,4.695818102827033,5.053765043021969,5.041820422610762
433,2022-08-01,434,1.429372635447237,1.26508408301982,1.3382413291650324,1.369450354256991,1.7843648367580913,2.399987292098852,1.579938984044551
434,2022-08-01,435,5.921600203975715,5.86605465843968,5.981099449603074,5.500359987013998,5.9861624117850285,7.065962352426527,4.898058410565021
435,2022-08-01,436,2.341249122869845,2.3084067204881635,2.1993796733385707,2.474790857736539,2.8728682235424063,3.404766792013736,2.216799154795358
436,2022-08-01,437,1.2963160320500955,1.124812551632632,1.1335936043695507,1.326346799619392,1.6593824148999288,2.4097808469126556,1.131391195323741
437,2022-08-01,438,0.5743417928911971,0.334162526869993,0.3411653333737887,0.4386576001847913,0.7934526739660408,1.3454613809251503,0.4598028647789342
438,2022-08-01,439,0.9308333456273472,0.7516551376948981,0.8015648068841156,0.8203216333937617,1.1321097447712443,1.6789509072882374,0.8083065606912592
439,2022-08-01,440,0.918167488298133,0.7072420732947176,0.8306763267013924,0.8557833292473804,1.2163411613219777,1.6789509072882374,0.825935228439125
440,2022-08-01,441,1.4299775870551656,1.946597371461747,1.4436134124996196,1.4754910064884803,2.3460582157952325,2.3195904715180635,1.5938740445125177
441,2022-08-01,442,1.6588330750066695,1.5658005443664555,1.6068821443796506,1.5998512512269878,1.83591493461815,2.5450770770969346,1.6422088045841658
442,2022-08-01,443,4.007952000643788,3.931495944079317,4.038045766022295,4.295693923291137,5.446289712281477,6.25820713848381,5.214797949822676
443,2022-08-01,444,1.1202675669055642,0.9554684662978141,0.9663312370055451,1.1403441688346883,1.4856807014062092,2.0114555637903204,1.0224043992902296
444,2022-08-01,445,1.0011159695998473,0.981311095843638,0.935746537613005,0.9701415664575445,1.3030528867278373,1.9036290727211127,0.9942183612999875
445,2022-08-01,446,0.9050119663491847,0.7516551376948981,0.8761184576560553,0.8789008070616551,1.2556634995351876,1.6789509072882374,0.9942183612999875
446,2022-08-01,447,3.6510547357286383,3.131245449771231,3.5205229888659546,2.508304749857676,3.171599614393039,6.126833070246762,2.0028354033559705
447,2022-08-01,448,1.4831782597090162,1.2196310020729502,1.2138794943975146,1.3927644954751464,1.7807883920808953,2.3195904715180635,1.2621751910716048
448,2022-08-01,449,2.056085364823806,2.3069724741294984,2.292950560625759,2.608523699182906,3.0973764080624067,7.86485538496913,2.603911562927184
449,2022-08-01,450,0.7517808610749701,0.7045617714678787,0.782688859151675,0.7857705673155515,1.1321097447712443,1.6789509072882374,0.7111967103700956
450,2022-08-01,451,1.2841702462157245,1.0826739778293073,1.084033297506012,1.296740984568764,1.6106631232643718,1.9850357180602538,1.1925154334332349
451,2022-08-01,452,1.0850268499816453,1.0345956156269913,0.953510551999891,1.257922256720843,1.3571507430404537,1.9880793288200356,1.0916497396137923
452,2022-08-01,453,0.9799683361722027,0.7286749670894244,0.8848400615200875,0.7857705673155515,1.2163411613219777,1.7418417919541747,0.8531049493862577
453,2022-08-01,454,7.9383939375932755,9.318663802488473,8.95466212636361,8.85979119971626,9.158076060366062,10.728847549440436,9.375745430960642
454,2022-08-01,455,2.4829736770972852,2.2321688422427477,2.2850814143857354,2.496142783432172,2.988891808895555,3.869354325064123,3.1369758740247335
455,2022-08-01,456,3.2632509790592517,3.4080863776254096,2.909451894845406,3.5673420258838924,3.060200027159955,3.3839214292874646,3.0745837167748995
456,2022-08-01,457,1.3499032925894663,1.2875148459291064,1.2286346515338709,1.3865368724989624,1.8112242557942624,2.399987292098852,1.4379746158251943
457,2022-08-01,458,2.289562249543125,2.179254974652816,2.223345837989969,2.29974409686723,2.7048923368659863,3.559497117066372,2.0687906878711426
458,2022-08-01,459,1.4831782597090162,1.3176818398784658,1.3206615533049186,1.4489864610116343,1.9020966918675313,2.4576777556882794,1.6075451052831535
459,2022-08-01,460,0.8478848643256327,0.6244496261634052,0.6980621690799242,0.7857705673155515,1.1321097447712443,1.5959853241007296,0.6660428571893945
460,2022-08-01,461,2.1967223553278847,1.5730332737112458,1.9719655597882864,1.9771098267010292,2.150368651448035,2.651179651553145,2.3737346934636805
461,2022-08-01,462,1.3675717875731672,1.197741572531213,1.169306304175803,1.3371320233309016,1.87523727283136,2.3195904715180635,1.2350054701244721
462,2022-08-01,463,1.6590628981816056,2.830614741663924,1.7344400085818839,1.8024495287283635,2.236036049458465,2.6903195084705636,1.5824203961653889
463,2022-08-01,464,1.5449791075830859,1.2267274407981057,1.273429245633625,1.4489864610116343,1.948971643996866,2.4911874922517967,1.5227039943650402
464,2022-08-01,465,4.274696074131114,2.4267618172039054,2.4399881854174854,2.9094573320478863,2.723629221972207,7.698778358755581,2.4182706952660835
465,2022-08-01,466,5.598629492751578,5.726126619381471,6.13388866535157,6.600034548320905,7.774982651428633,9.74914706922537,7.502872228813757
466,2022-08-01,467,1.0396290783007418,0.8669302396994045,0.8306763267013924,0.9355905003793341,1.3214048495044397,1.8627469018359766,0.9480104090196096
467,2022-08-01,468,2.4757440401183035,2.563851667191223,2.594940848891393,2.5093944782453033,2.675151956400688,3.8044465343097738,2.750725233606574
468,2022-08-01,469,68.78515037689553,59.16435197968736,53.307217828061965,53.60960873186245,103.9601585305856,40.612896599401964,44.45017018716499
469,2022-08-01,470,2.519399332606103,2.841774017549409,2.8694507997282996,2.707566792999194,3.1138686908403157,5.007957838288188,3.1870643266099603
470,2022-08-01,471,0.6821557271128009,0.5638441771423488,0.6980621690799242,0.7857705673155515,1.0688747665743203,1.4263305691978383,0.5071580344563918
471,2022-08-01,472,3.8903347515614786,3.6325396567622072,3.6091911853673264,3.6579123939482088,4.505065750669435,5.150297386621942,4.968289560531297
472,2022-08-01,473,1.002078368679931,0.9325940407807805,0.8878272093161544,1.2637622294047706,1.4951065629981595,1.907682508239247,0.920840688072477
473,2022-08-01,474,1.182783524369512,1.1609517505631832,1.08075306896778,1.2166750209703285,1.6106631232643718,2.053656138081405,1.2621751910716048
474,2022-08-01,475,3.867200510629898,3.9446191244121924,4.089607221347662,4.268606117638249,5.032940851654473,6.063547529667827,5.307842180382838
475,2022-08-01,476,3.1937893038684844,3.4341613856128466,3.4682302972505616,3.3933138075786475,3.908735566586857,4.9918059653538,4.151439950603671
476,2022-08-01,477,0.918167488298133,0.7809098640827992,0.7991820030740864,0.8443497409834448,1.2163411613219777,1.6789509072882374,0.9633307247637143
477,2022-08-01,478,11.491305226946833,8.48556259180234,1.7430191467266032,0.9005914544096743,1.2003621832222733,1.7540931664681803,1.2266781221575136
478,2022-08-01,479,2.258192452271907,2.3991055699353314,2.314196859334943,2.4401413095823625,2.751767288995321,3.421563758016398,2.5054345534787807
479,2022-08-01,480,5.208421432385139,4.350682026165054,5.880584044352966,4.584574774857678,5.299233994475004,5.6424031547784494,6.2995755804328555
480,2022-08-01,481,2.3689457830449747,2.1837315917222666,2.396277844134206,2.472280998260136,2.72943825096479,3.500318044003833,2.554681949520617
481,2022-08-01,482,4.9003044646068075,4.838432226763013,4.55930595524292,4.375129202867455,4.66517377657389,5.80958261410194,3.7722784712855852
482,2022-08-01,483,0.8478848643256327,0.6244496261634052,0.6980621690799242,0.7857705673155515,1.1321097447712443,1.5959853241007296,0.6932125781365271
483,2022-08-01,484,1.4973425774940483,1.517147970013608,1.536959387491494,1.6844415248761622,2.0551159106565486,2.6942596369569762,1.6248806363306207
484,2022-08-01,485,0.5743417928911971,0.3802841344157856,0.523554968964828,0.5867018683609817,0.9610744325741244,1.3454613809251503,0.4598028647789342
485,2022-08-01,486,2.396881265364209,2.3388978910969644,2.438675603502772,2.526620052312497,3.061476515740309,3.925234296770022,2.975683436180967
486,2022-08-01,487,2.103413216376355,1.9682230983713698,2.1458824130800296,2.235612198418791,2.655703879799284,3.4199212234230445,2.0235073089019595
487,2022-08-01,488,2.0245645749442667,1.767705682067531,1.9280653036485942,1.9345639727375818,2.180517511812187,2.668606931637881,1.7303491890607263
488,2022-08-01,489,1.392420035300758,1.3267779984666357,1.3897427584230893,1.410313618306858,1.839491379295346,2.3195904715180635,1.5674611952266986
489,2022-08-01,490,1.7208637460556753,1.3751262107250584,1.4508618119703351,1.5905486555165496,1.9485975372737763,2.4738049857485493,1.5032023481988914
490,2022-08-01,491,1.392420035300758,1.106787173450853,1.1104485334574459,1.298313295482981,1.6200600766867188,2.169563406157771,1.0875893696781453
491,2022-08-01,492,1.6179162430348613,1.5855798629075426,1.6228872488672865,1.7083451594865608,2.054175476617562,2.8591122115015164,1.6649645463870757
492,2022-08-01,493,2.2699520339166477,2.450751758076656,2.3965572389469587,2.671275998976192,3.2746594477266355,3.6030715728010363,2.779383840398592
493,2022-08-01,494,2.2696594907796603,3.2851479162304806,2.166223032021323,2.179826594483468,2.4724315408131465,3.09995400458089,3.202493946794931
494,2022-08-01,495,0.918167488298133,0.7045617714678787,0.837001298194541,0.7857705673155515,1.2163411613219777,1.759347727869026,0.8510542872371781
495,2022-08-01,496,1.3359754164724544,1.1500164883179143,1.0815748865528203,1.298313295482981,1.6951283084359428,2.2499602267385597,1.1585609162708737
496,2022-08-01,497,1.9904187297027451,1.7485949213725889,1.9187487012280346,1.910315951567719,2.4401252828479727,3.0934625001093563,1.9745028970825165
497,2022-08-01,498,1.68699838050084,1.53104702239749,1.520842353937452,1.6343179261456746,2.026848787155465,2.5196188796621555,1.4082794015735645
498,2022-08-01,499,2.0857421287513014,1.8723063857346403,2.138861920863157,2.0910630128417163,2.8220331934844793,3.2494827432111943,2.4671878393456086
499,2022-08-01,500,6.3893043829594385,5.397582297568517,5.567007149157291,5.344403267231987,7.030029744596499,7.569964718277658,6.175935177028253
500,2022-08-01,501,1.5649453935559465,1.5383958758050653,1.60403379561718,1.7266434382345257,2.0908618041925626,2.5344390167828803,1.5238018848413155
501,2022-08-01,502,15.161859705343362,25.009630121906532,20.351667202277284,24.25509681727467,25.549642199386852,32.230268806277714,35.872204135273044
502,2022-08-01,503,1.302177409746874,1.1725376358459307,1.1588631567737786,1.291892463998551,1.7161123983070625,2.3047703343973387,1.3662282508016816
503,2022-08-01,504,1.5610476918273033,1.559147815777723,1.5277831635251207,1.5023382196019845,1.9545247595415745,2.5314954493379767,1.6212332631551203
504,2022-08-01,505,1.6839111459091964,1.4520171306041223,1.4466736516660696,1.5411438063484888,2.0161869989880703,2.451098628757188,1.6411730054457039
505,2022-08-01,506,1.3890607550833574,1.3486674280083728,1.2971759943140584,1.4250828264012356,1.7450424985448814,2.377280935107491,1.3261443407452267
506,2022-08-01,507,0.9799683361722027,0.9106899323526907,0.9041012667149104,0.8443497409834448,1.3030528867278373,1.9036290727211127,0.920840688072477
507,2022-08-01,508,1.5449791075830859,1.605586691181339,1.5269652604549813,1.603553318714352,1.9545247595415745,2.6999611049332928,1.6683427263928365
508,2022-08-01,509,0.5743417928911971,0.3802841344157856,0.523554968964828,0.5867018683609817,0.9610744325741244,1.3454613809251503,0.4598028647789342
509,2022-08-01,510,0.8727331120532236,0.6485628217849508,0.6980621690799242,0.7857705673155515,1.1321097447712443,1.5959853241007296,0.6932125781365271
510,2022-08-01,511,2.1626330180955637,1.9576263957505065,2.0641149428713317,2.1453068536719346,2.577953919925229,3.326012506026301,2.2565584919180526
511,2022-08-01,512,1.0011159695998473,0.7809098640827992,0.8950618050440693,0.9489135689934841,1.2163411613219777,1.7998560171700393,0.9517283246087502
512,2022-08-01,513,1.122577559602456,1.0127061860852542,0.9903689353533491,1.278432437762064,1.9513506669926095,2.0383606801182785,0.9918122346652052
513,2022-08-01,514,0.9799683361722027,0.6485628217849508,0.7990310558032977,0.7857705673155515,1.2163411613219777,1.6789509072882374,0.8222173128499844
514,2022-08-01,515,4.136013476914781,4.368986123581819,4.420598896828795,4.504611571938302,4.611199194390621,5.382939781495181,4.737517516379524
515,2022-08-01,516,0.9308333456273472,0.7264512010096158,0.8218060186131892,0.8203216333937617,1.1321097447712443,1.6789509072882374,0.7845743835976062
516,2022-08-01,517,1.5597441390991256,1.44941572676893,1.562821637494006,1.7129686526711354,1.888939003754049,2.361840694435085,1.4321706931119011
517,2022-08-01,518,1.515765554275545,1.20719959730294,1.1760318679132729,1.298313295482981,1.6558059702227328,2.169563406157771,1.2476705502528063
518,2022-08-01,519,0.8478848643256327,0.6244496261634052,0.7561226759294527,0.8557833292473804,1.1321097447712443,1.6789509072882374,0.7349288874637485
519,2022-08-01,520,1.4139090028109482,1.370092312799832,1.4099562425206327,1.549015269101095,1.8112242557942624,2.399987292098852,1.424332590720345
520,2022-08-01,521,1.282781578610913,1.121274799388117,1.13222846306304,1.2758405650099225,1.6106631232643718,2.0654325386410424,1.275089380180927
521,2022-08-01,522,1.0011159695998473,0.8435123589806881,0.9432184261764247,0.8203216333937617,1.3030528867278373,1.8631207834200993,0.9111729916762813
522,2022-08-01,523,0.8478848643256327,0.6244496261634052,0.6980621690799242,0.7857705673155515,1.1321097447712443,1.5959853241007296,0.6660428571893945
523,2022-08-01,524,0.8478848643256327,0.6244496261634052,0.6980621690799242,0.7857705673155515,1.1321097447712443,1.5959853241007296,0.6969304937256677
524,2022-08-01,525,1.8459586197400746,1.7209006594447913,1.6913006709737488,1.66473358141169,2.0561521474850744,2.5424703680373852,1.8259829100655611
525,2022-08-01,526,3.047048702178668,2.47216581210245,2.5182740468542844,2.220144627393152,2.699058212553394,6.802068962178998,2.346469521537567
526,2022-08-01,527,2.956690986760115,2.971714139500606,3.1319499164007576,3.299128560401625,3.650107897946607,4.601214671445582,3.601512080418174
527,2022-08-01,528,1.4335152581533832,1.5737144153007379,1.4546456836043853,1.3875402034181463,1.9545247595415745,2.4109622107982607,1.7680757904700646
528,2022-08-01,529,0.9308333456273472,0.7045617714678787,0.7637455117636609,0.8203216333937617,1.1321097447712443,1.5959853241007296,0.753686747061333
529,2022-08-01,530,1.492427023816126,1.728323327398692,1.6655040743002665,1.5321621190875807,2.0521653868597864,2.559807912272948,1.8373621571870085
530,2022-08-01,531,1.4831782597090162,1.3586260215571546,1.3612952219288494,1.475833674125139,1.8076478111170664,2.399987292098852,1.380771608509925
531,2022-08-01,532,1.6946563261995677,1.5646517122654846,1.6774240928767121,1.7316213086767416,2.086411849711067,2.657632012938472,1.5002366424058042
532,2022-08-01,533,0.7517808610749701,0.6244496261634052,0.6980621690799242,0.7857705673155515,1.1321097447712443,1.5959853241007296,0.6660428571893945
533,2022-08-01,534,6.765446361554013,6.80911422577118,7.149179280037333,6.98553414976581,7.0233213989300936,7.983473980860314,9.146170548589279
534,2022-08-01,535,3.2691143780599843,3.0456735705841016,3.1924602317743442,3.18776829111577,3.4543873945821724,4.603367232118688,3.3559487719218133
535,2022-08-01,536,1.0977293118748652,1.0045451239753844,1.0514824979429505,1.0024598973836336,1.443862468446313,1.9036290727211127,0.9942183612999875
536,2022-08-01,537,1.7617805780274836,1.7847856522658934,1.7478301116085353,1.9813862142499823,2.3566613091055726,2.901912163737808,1.9666763127889815
537,2022-08-01,538,3.515189968258981,3.2258100120946547,3.364872354189455,3.381870678290992,3.799124366301638,4.379400569242683,4.030681701194621
538,2022-08-01,539,0.8478848643256327,0.6244496261634052,0.6980621690799242,0.7857705673155515,1.1321097447712443,1.6789509072882374,0.7261615616284975
539,2022-08-01,540,1.9571766582149446,1.9457454478936425,3.104440241533932,2.006655286890018,2.4850415116409112,3.170371398562104,1.9279292521867444
540,2022-08-01,541,3.838477637179987,3.8990449874923256,4.062647768173412,4.4152674373823135,5.086935792246949,4.935307312923533,4.326487641725294
541,2022-08-01,542,0.7517808610749701,0.6244496261634052,0.6980621690799242,0.7857705673155515,1.1321097447712443,1.5959853241007296,0.6660428571893945
542,2022-08-01,543,1.2421065635601611,1.197741572531213,1.1461612332636981,1.3025809572526916,1.7807883920808953,2.22437351381655,1.2152103671299133
543,2022-08-01,544,1.0885955424011116,0.9555595324999016,0.9748636970745194,0.9489135689934841,1.4199393514369565,1.7827239628393108,1.064894435981467
544,2022-08-01,545,2.790068453517776,2.5667692182029973,2.76364486948056,2.6195425923202755,3.3740272274319034,3.5320288883133397,3.101338689476046
545,2022-08-01,546,0.5743417928911971,0.28706916064297366,0.3411653333737887,0.4386576001847913,0.7934526739660408,1.3454613809251503,0.4598028647789342
546,2022-08-01,547,2.4664084793047465,2.5966086730750497,2.4834627620250407,2.522224238158759,2.723174500471383,3.6053351438634915,2.710295752313921
547,2022-08-01,548,4.571452013465395,8.686158296717801,6.265189374297256,4.784492217870447,5.507288915734153,6.913904659287176,6.222875320794314
548,2022-08-01,549,1.508026507436607,1.4669011327857457,1.4377202818560049,1.5556886911343075,1.866350798331517,2.6174983758623753,1.6176655854538893
549,2022-08-01,550,0.8220634850474702,0.6244496261634052,0.8306763267013924,0.8443497409834448,1.2163411613219777,1.6789509072882374,0.8756868348917757
550,2022-08-01,551,1.4315774977946492,1.3542637811674896,1.3865647743330776,1.438046211649545,1.8746628819254618,2.378588028047036,1.4491484770856373
551,2022-08-01,552,4.508483956532705,4.620596924192181,4.667239918814705,5.00226813077492,5.390353192240696,6.3730840681102,5.2831525169010956
552,2022-08-01,553,0.918167488298133,0.6601487070676983,0.7990310558032977,0.7857705673155515,1.2163411613219777,1.6789509072882374,0.8756868348917757
553,2022-08-01,554,1.0011159695998473,0.7516551376948981,0.8572425099236146,0.8903343953255907,1.2556634995351876,1.6789509072882374,0.825935228439125
554,2022-08-01,555,9.778838287442856,10.951968922331144,10.342707659867608,11.018392711383498,12.233303856353473,12.19156330471697,14.855309997010473
555,2022-08-01,556,2.2616267672238908,2.05234139433473,2.064911206534372,2.1155553104229368,2.451087621349477,3.1504382080319067,2.0901803333177793
556,2022-08-01,557,44.598402363576426,53.087156144202226,51.30969114523149,56.018832098513684,82.40037278842141,40.612896599401964,52.73918071368099
557,2022-08-01,558,1.429372635447237,1.12867660299259,1.084033297506012,1.3371320233309016,1.7807883920808953,2.250970051496912,1.3459355086147737
558,2022-08-01,559,3.469900019769399,3.3617640580207717,3.5689461227421972,3.2193224808575374,3.746923468402538,4.038996846500088,3.638811032148841
559,2022-08-01,560,1.3304112739076415,1.12867660299259,1.1079901225042539,1.3306316264090703,1.6593824148999288,2.169563406157771,1.159968505648155
560,2022-08-01,561,2.6334272266584136,2.8353385901451698,2.6491071466085154,2.7786437718759385,3.1317694713041555,3.810434509726959,3.1479797412533745
561,2022-08-01,562,0.5743417928911971,0.28706916064297366,0.3411653333737887,0.4386576001847913,0.7934526739660408,1.3454613809251503,0.4598028647789342
562,2022-08-01,563,1.117274279968207,2.1696343391401602,0.8942682572697815,0.8203216333937617,1.3806170132237465,1.7827239628393108,0.9513062095005725
563,2022-08-01,564,2.9314351702199235,2.203939680633001,1.7058572612596512,2.2562328707380552,2.031166698696393,5.225860234952331,1.652783051035645
564,2022-08-01,565,1.9685085249545378,1.8342710760524688,1.9631209057515784,2.239611192153373,2.4495254421270545,3.1627102304347,2.016704014832623
565,2022-08-01,566,5.216592362188706,5.449789927545634,5.941081310113571,5.930765742615108,6.451130790985587,9.060841496481766,6.7289184431819535
566,2022-08-01,567,2.289562249543125,2.233926036725878,2.28145747545214,2.505716384178247,2.7105686568257807,3.6133236832350377,2.455684723506866
567,2022-08-01,568,3.872928084580451,3.396346776457737,3.5257849928921976,3.6975242112550926,4.193363210383952,4.907027008521636,4.394758883111716
568,2022-08-01,569,0.5743417928911971,0.3802841344157856,0.523554968964828,0.5867018683609817,0.9610744325741244,1.4284269641126581,0.6159773204395241
569,2022-08-01,570,1.5649453935559465,1.40142915331446,1.4508618119703351,1.6253992760213878,2.106485044155441,2.6913160695120726,1.637794825439943
570,2022-08-01,571,1.4894842946779803,1.1633049164470628,1.330797770372499,1.4250828264012356,1.7807883920808953,2.250970051496912,1.2577004038211506
571,2022-08-01,572,1.429372635447237,1.2542593155274229,1.3619787190877168,1.410313618306858,1.83591493461815,2.3195904715180635,1.3195226593289546
572,2022-08-01,573,0.8478848643256327,0.6244496261634052,0.7561226759294527,0.8557833292473804,1.1321097447712443,1.6789509072882374,0.7349288874637485
573,2022-08-01,574,0.918167488298133,0.6244496261634052,0.868495621821847,0.8557833292473804,1.2163411613219777,1.6789509072882374,0.7658165240000218
574,2022-08-01,575,0.973350088338639,0.7352700987847873,0.756580551941784,0.8442252680041604,1.2058441159367501,1.6763821446815181,0.7641841247292552
